parent_model,dataset,numshot,student_model,mean_auc,std_auc,mean_f1,std_f1,mean_complexity
tabm,breastcancer,64,ttnet,0.6393,0.0242,0.0735,,158.4
tabm,breastcancer,64,xgboost,0.6289,0.0189,0.1,,8216.2
tabm,breastcancer,64,logistic_rule_regression,0.6375,0.0211,0.1031,,59.0
tabm,breastcancer,64,decision_tree,0.5922,0.0095,0.0966,,517.4
tabm,breastcancer,16,ttnet,0.5329,0.019,0.0735,,150.8
tabm,breastcancer,16,xgboost,0.5381,0.017,0.0731,,3354.4
tabm,breastcancer,16,logistic_rule_regression,0.532,0.0204,0.0745,,58.8
tabm,breastcancer,16,decision_tree,0.5163,0.0181,0.0755,,361.8
tabm,breastcancer,all,ttnet,0.636,0.0238,0.0735,,142.0
tabm,breastcancer,all,xgboost,0.6879,0.0418,0.1202,,21806.8
tabm,breastcancer,all,logistic_rule_regression,0.66,0.0222,0.1098,,71.0
tabm,breastcancer,all,decision_tree,0.6369,0.038,0.1062,,948.6
tabm,breastcancer,4,ttnet,0.5533,0.011,0.0735,,158.2
tabm,breastcancer,4,xgboost,0.551,0.0126,0.0765,,1780.4
tabm,breastcancer,4,logistic_rule_regression,0.5532,0.0128,0.0789,,41.4
tabm,breastcancer,4,decision_tree,0.5234,0.0065,0.0761,,145.8
tabm,breastcancer,8,ttnet,0.5252,0.016,0.0735,,144.6
tabm,breastcancer,8,xgboost,0.5358,0.0167,0.0753,,4943.0
tabm,breastcancer,8,logistic_rule_regression,0.5134,0.0146,0.0748,,52.4
tabm,breastcancer,8,decision_tree,0.5139,0.0137,0.0747,,228.2
tabm,breastcancer,32,ttnet,0.5697,0.0213,0.0735,,152.0
tabm,breastcancer,32,xgboost,0.5778,0.0192,0.0896,,6064.4
tabm,breastcancer,32,logistic_rule_regression,0.5845,0.0235,0.084,,33.0
tabm,breastcancer,32,decision_tree,0.5669,0.0163,0.0884,,300.6
tabm,breastcancer,256,ttnet,0.6271,0.0314,0.0735,,145.6
tabm,breastcancer,256,xgboost,0.6889,0.0414,0.1209,,17202.4
tabm,breastcancer,256,logistic_rule_regression,0.6592,0.0228,0.1086,,72.0
tabm,breastcancer,256,decision_tree,0.6407,0.0334,0.1092,,1027.4
tabm,breastcancer,128,ttnet,0.648,0.0142,0.0735,,152.4
tabm,breastcancer,128,xgboost,0.6674,0.018,0.1103,,12964.0
tabm,breastcancer,128,logistic_rule_regression,0.6565,0.0183,0.1093,,75.0
tabm,breastcancer,128,decision_tree,0.631,0.0167,0.105,,806.6
tabm,respiratory,64,ttnet,0.9292,0.0024,0.1852,,543.4
tabm,respiratory,64,xgboost,0.9956,0.0005,0.7793,,1639.8
tabm,respiratory,64,logistic_rule_regression,0.9899,0.0006,0.83,,36.0
tabm,respiratory,64,decision_tree,0.9747,0.017,0.72,,21.0
tabm,respiratory,16,ttnet,0.8325,0.0367,0.1852,,648.6
tabm,respiratory,16,xgboost,0.8612,0.0071,0.4001,,1427.2
tabm,respiratory,16,logistic_rule_regression,0.8823,0.0049,0.3472,,59.0
tabm,respiratory,16,decision_tree,0.792,0.0173,0.3298,,247.4
tabm,respiratory,all,ttnet,0.9265,0.0034,0.1852,,294.6
tabm,respiratory,all,xgboost,0.9982,0.0004,0.7681,,1606.8
tabm,respiratory,all,logistic_rule_regression,0.9954,0.0004,0.8236,,28.0
tabm,respiratory,all,decision_tree,0.8821,0.2141,0.6185,,32.6
tabm,respiratory,4,ttnet,0.908,0.014,0.1852,,592.0
tabm,respiratory,4,xgboost,0.9549,0.0022,0.5396,,3033.8
tabm,respiratory,4,logistic_rule_regression,0.9534,0.0025,0.5003,,109.2
tabm,respiratory,4,decision_tree,0.9022,0.0101,0.4695,,320.6
tabm,respiratory,8,ttnet,0.9069,0.0132,0.1852,,542.2
tabm,respiratory,8,xgboost,0.9538,0.0024,0.5138,,1567.4
tabm,respiratory,8,logistic_rule_regression,0.9615,0.0031,0.5102,,79.0
tabm,respiratory,8,decision_tree,0.8824,0.0243,0.4207,,233.8
tabm,respiratory,32,ttnet,0.9399,0.0088,0.1852,,477.0
tabm,respiratory,32,xgboost,0.9866,0.0016,0.7889,,2240.0
tabm,respiratory,32,logistic_rule_regression,0.991,0.0004,0.828,,51.0
tabm,respiratory,32,decision_tree,0.9594,0.0138,0.714,,85.8
tabm,respiratory,256,ttnet,0.9272,0.005,0.1852,,364.2
tabm,respiratory,256,xgboost,0.9981,0.0008,0.7785,,1974.0
tabm,respiratory,256,logistic_rule_regression,0.9965,0.0003,0.8236,,20.0
tabm,respiratory,256,decision_tree,0.996,0.0056,0.7744,,43.0
tabm,respiratory,128,ttnet,0.9277,0.0016,0.1852,,357.6
tabm,respiratory,128,xgboost,0.9941,0.0014,0.751,,4688.8
tabm,respiratory,128,logistic_rule_regression,0.9918,0.0004,0.8236,,17.0
tabm,respiratory,128,decision_tree,0.9745,0.0137,0.7314,,58.6
tabm,diabetes,64,ttnet,0.605,0.0307,0.4294,,93.4
tabm,diabetes,64,xgboost,0.7236,0.027,0.5227,,6022.0
tabm,diabetes,64,logistic_rule_regression,0.7459,0.0219,0.5501,,113.0
tabm,diabetes,64,decision_tree,0.6256,0.0312,0.4521,,555.4
tabm,diabetes,16,ttnet,0.3988,0.0159,0.4294,,68.4
tabm,diabetes,16,xgboost,0.617,0.0108,0.4539,,5312.8
tabm,diabetes,16,logistic_rule_regression,0.5473,0.0147,0.3792,,74.0
tabm,diabetes,16,decision_tree,0.5766,0.0133,0.4001,,470.6
tabm,diabetes,all,ttnet,0.773,0.0096,0.4294,,82.4
tabm,diabetes,all,xgboost,0.8115,0.0279,0.6045,,12860.2
tabm,diabetes,all,logistic_rule_regression,0.8096,0.0095,0.5805,,96.0
tabm,diabetes,all,decision_tree,0.7451,0.0335,0.5477,,515.4
tabm,diabetes,4,ttnet,0.7411,0.0361,0.4294,,63.2
tabm,diabetes,4,xgboost,0.6986,0.0156,0.5168,,716.2
tabm,diabetes,4,logistic_rule_regression,0.7277,0.01,0.5227,,41.0
tabm,diabetes,4,decision_tree,0.6815,0.0067,0.5216,,137.0
tabm,diabetes,8,ttnet,0.5298,0.0085,0.4294,,56.4
tabm,diabetes,8,xgboost,0.6263,0.0094,0.4207,,1155.0
tabm,diabetes,8,logistic_rule_regression,0.5982,0.0125,0.4131,,72.0
tabm,diabetes,8,decision_tree,0.5859,0.0121,0.4278,,281.8
tabm,diabetes,32,ttnet,0.5878,0.0298,0.4294,,70.4
tabm,diabetes,32,xgboost,0.7254,0.0137,0.5314,,6189.0
tabm,diabetes,32,logistic_rule_regression,0.6949,0.0173,0.4739,,84.0
tabm,diabetes,32,decision_tree,0.6419,0.0169,0.4858,,587.4
tabm,diabetes,256,ttnet,0.7726,0.0111,0.4294,,93.0
tabm,diabetes,256,xgboost,0.8167,0.0265,0.6091,,13642.8
tabm,diabetes,256,logistic_rule_regression,0.8129,0.0112,0.5783,,100.0
tabm,diabetes,256,decision_tree,0.7293,0.0299,0.5311,,577.4
tabm,diabetes,128,ttnet,0.7399,0.014,0.4294,,89.0
tabm,diabetes,128,xgboost,0.8168,0.0251,0.6002,,8450.0
tabm,diabetes,128,logistic_rule_regression,0.7941,0.0113,0.5866,,107.0
tabm,diabetes,128,decision_tree,0.7394,0.0126,0.5469,,532.6
tabm,breastcancer2,64,ttnet,0.672,0.0175,0.242,,154.2
tabm,breastcancer2,64,xgboost,0.6944,0.023,0.3504,,8820.6
tabm,breastcancer2,64,logistic_rule_regression,0.6937,0.0154,0.3334,,59.0
tabm,breastcancer2,64,decision_tree,0.648,0.0262,0.3306,,431.0
tabm,breastcancer2,16,ttnet,0.5639,0.0121,0.242,,154.4
tabm,breastcancer2,16,xgboost,0.5939,0.0132,0.2545,,3701.8
tabm,breastcancer2,16,logistic_rule_regression,0.585,0.0104,0.2503,,75.6
tabm,breastcancer2,16,decision_tree,0.5532,0.0154,0.2482,,490.2
tabm,breastcancer2,all,ttnet,0.7477,0.015,0.242,,154.4
tabm,breastcancer2,all,xgboost,0.7632,0.0261,0.3951,,8956.0
tabm,breastcancer2,all,logistic_rule_regression,0.7559,0.0172,0.3946,,110.0
tabm,breastcancer2,all,decision_tree,0.6896,0.0216,0.3583,,591.4
tabm,breastcancer2,4,ttnet,0.4971,0.0391,0.242,,116.2
tabm,breastcancer2,4,xgboost,0.4818,0.0129,0.2085,,714.0
tabm,breastcancer2,4,logistic_rule_regression,0.4767,0.012,0.2087,,41.0
tabm,breastcancer2,4,decision_tree,0.4854,0.0085,0.2089,,107.0
tabm,breastcancer2,8,ttnet,0.5651,0.0201,0.242,,172.4
tabm,breastcancer2,8,xgboost,0.5318,0.017,0.2197,,2132.2
tabm,breastcancer2,8,logistic_rule_regression,0.5259,0.0154,0.2015,,78.0
tabm,breastcancer2,8,decision_tree,0.5237,0.0141,0.2064,,483.0
tabm,breastcancer2,32,ttnet,0.6304,0.0151,0.242,,133.2
tabm,breastcancer2,32,xgboost,0.6549,0.0173,0.3119,,3963.8
tabm,breastcancer2,32,logistic_rule_regression,0.6473,0.0127,0.3109,,80.6
tabm,breastcancer2,32,decision_tree,0.5819,0.0093,0.2675,,393.8
tabm,breastcancer2,256,ttnet,0.7412,0.0173,0.242,,154.2
tabm,breastcancer2,256,xgboost,0.7576,0.0257,0.3949,,7913.2
tabm,breastcancer2,256,logistic_rule_regression,0.7552,0.0187,0.399,,158.0
tabm,breastcancer2,256,decision_tree,0.7016,0.0105,0.3628,,524.6
tabm,breastcancer2,128,ttnet,0.7088,0.0176,0.242,,184.6
tabm,breastcancer2,128,xgboost,0.7322,0.0234,0.3618,,9187.2
tabm,breastcancer2,128,logistic_rule_regression,0.7271,0.0172,0.3674,,114.4
tabm,breastcancer2,128,decision_tree,0.6829,0.0202,0.3465,,510.6
tabm,heart,64,ttnet,0.8821,0.0048,0.7294,,161.8
tabm,heart,64,xgboost,0.8926,0.0065,0.8572,,4797.0
tabm,heart,64,logistic_rule_regression,0.8759,0.0044,0.8365,,95.0
tabm,heart,64,decision_tree,0.8174,0.0129,0.8142,,435.8
tabm,heart,16,ttnet,0.8468,0.0064,0.7294,,158.2
tabm,heart,16,xgboost,0.8531,0.0059,0.8228,,2672.8
tabm,heart,16,logistic_rule_regression,0.8568,0.0048,0.8148,,59.4
tabm,heart,16,decision_tree,0.8036,0.0105,0.8023,,421.8
tabm,heart,all,ttnet,0.877,0.0099,0.7294,,167.6
tabm,heart,all,xgboost,0.9073,0.013,0.8811,,6742.0
tabm,heart,all,logistic_rule_regression,0.8999,0.0069,0.8751,,84.0
tabm,heart,all,decision_tree,0.8295,0.0192,0.8292,,535.0
tabm,heart,4,ttnet,0.6944,0.0809,0.7294,,113.0
tabm,heart,4,xgboost,0.8126,0.0146,0.7041,,908.2
tabm,heart,4,logistic_rule_regression,0.7846,0.008,0.7031,,10.0
tabm,heart,4,decision_tree,0.7093,0.0055,0.6988,,56.2
tabm,heart,8,ttnet,0.773,0.0153,0.7294,,161.4
tabm,heart,8,xgboost,0.8491,0.0047,0.7996,,2109.6
tabm,heart,8,logistic_rule_regression,0.8385,0.0048,0.7858,,52.0
tabm,heart,8,decision_tree,0.7837,0.0167,0.7866,,150.2
tabm,heart,32,ttnet,0.8542,0.0069,0.7294,,160.2
tabm,heart,32,xgboost,0.8831,0.0044,0.8439,,2255.6
tabm,heart,32,logistic_rule_regression,0.8587,0.0047,0.8245,,72.0
tabm,heart,32,decision_tree,0.8232,0.0083,0.8399,,477.0
tabm,heart,256,ttnet,0.8807,0.0068,0.7294,,151.4
tabm,heart,256,xgboost,0.902,0.0146,0.8778,,14670.2
tabm,heart,256,logistic_rule_regression,0.8868,0.0062,0.8551,,73.8
tabm,heart,256,decision_tree,0.8304,0.0236,0.8251,,651.0
tabm,heart,128,ttnet,0.8747,0.0074,0.7294,,141.6
tabm,heart,128,xgboost,0.8848,0.0068,0.86,,5344.0
tabm,heart,128,logistic_rule_regression,0.8827,0.0063,0.8466,,64.0
tabm,heart,128,decision_tree,0.8498,0.0098,0.8314,,262.2
tabm,coloncancer,64,ttnet,0.626,0.0132,0.1557,,176.2
tabm,coloncancer,64,xgboost,0.6082,0.0144,0.1882,,21472.0
tabm,coloncancer,64,logistic_rule_regression,0.6373,0.0098,0.1908,,75.0
tabm,coloncancer,64,decision_tree,0.5758,0.0123,0.1777,,923.0
tabm,coloncancer,16,ttnet,0.5477,0.0205,0.1557,,153.0
tabm,coloncancer,16,xgboost,0.5332,0.0065,0.1602,,3601.8
tabm,coloncancer,16,logistic_rule_regression,0.529,0.0077,0.1573,,55.4
tabm,coloncancer,16,decision_tree,0.5258,0.0101,0.1581,,246.2
tabm,coloncancer,all,ttnet,0.658,0.0104,0.1557,,149.6
tabm,coloncancer,all,xgboost,0.6584,0.022,0.2132,,13981.0
tabm,coloncancer,all,logistic_rule_regression,0.6768,0.0052,0.2096,,78.0
tabm,coloncancer,all,decision_tree,0.632,0.0107,0.2107,,1058.6
tabm,coloncancer,4,ttnet,0.5537,0.0144,0.1557,,142.2
tabm,coloncancer,4,xgboost,0.5273,0.0122,0.1642,,3695.0
tabm,coloncancer,4,logistic_rule_regression,0.5262,0.0126,0.1561,,42.8
tabm,coloncancer,4,decision_tree,0.5364,0.0086,0.1634,,166.6
tabm,coloncancer,8,ttnet,0.5229,0.0065,0.1557,,164.0
tabm,coloncancer,8,xgboost,0.5384,0.0084,0.1479,,2820.0
tabm,coloncancer,8,logistic_rule_regression,0.5216,0.0112,0.152,,40.0
tabm,coloncancer,8,decision_tree,0.5117,0.0086,0.1497,,134.6
tabm,coloncancer,32,ttnet,0.5217,0.0181,0.1557,,153.6
tabm,coloncancer,32,xgboost,0.5223,0.0081,0.1521,,7000.2
tabm,coloncancer,32,logistic_rule_regression,0.4972,0.0097,0.1533,,77.4
tabm,coloncancer,32,decision_tree,0.5099,0.0175,0.1518,,662.6
tabm,coloncancer,256,ttnet,0.6629,0.0104,0.1557,,141.8
tabm,coloncancer,256,xgboost,0.6637,0.0245,0.2163,,13057.8
tabm,coloncancer,256,logistic_rule_regression,0.6774,0.0045,0.2066,,70.4
tabm,coloncancer,256,decision_tree,0.6404,0.0266,0.2157,,1018.6
tabm,coloncancer,128,ttnet,0.6206,0.013,0.1557,,131.6
tabm,coloncancer,128,xgboost,0.6352,0.0168,0.2018,,13224.2
tabm,coloncancer,128,logistic_rule_regression,0.6541,0.0048,0.2004,,89.6
tabm,coloncancer,128,decision_tree,0.5854,0.0201,0.185,,899.0
tabm,chemotherapy,64,ttnet,0.6466,0.0145,0.606,,282.0
tabm,chemotherapy,64,xgboost,0.6732,0.0051,0.5975,,3731.2
tabm,chemotherapy,64,logistic_rule_regression,0.6473,0.0058,0.5888,,103.0
tabm,chemotherapy,64,decision_tree,0.5997,0.0054,0.5174,,353.4
tabm,chemotherapy,16,ttnet,0.5872,0.0046,0.606,,296.2
tabm,chemotherapy,16,xgboost,0.6153,0.0029,0.515,,2190.8
tabm,chemotherapy,16,logistic_rule_regression,0.6142,0.0043,0.4899,,105.0
tabm,chemotherapy,16,decision_tree,0.5964,0.0067,0.4924,,325.8
tabm,chemotherapy,all,ttnet,0.6743,0.0047,0.606,,302.2
tabm,chemotherapy,all,xgboost,0.7299,0.0116,0.6273,,8208.6
tabm,chemotherapy,all,logistic_rule_regression,0.6915,0.0041,0.6074,,183.2
tabm,chemotherapy,all,decision_tree,0.6206,0.013,0.5528,,375.0
tabm,chemotherapy,4,ttnet,0.4486,0.009,0.606,,121.6
tabm,chemotherapy,4,xgboost,0.4715,0.0066,0.5413,,1680.4
tabm,chemotherapy,4,logistic_rule_regression,0.4534,0.008,0.5367,,30.0
tabm,chemotherapy,4,decision_tree,0.458,0.0062,0.5388,,71.0
tabm,chemotherapy,8,ttnet,0.521,0.0258,0.606,,181.4
tabm,chemotherapy,8,xgboost,0.5037,0.009,0.4418,,608.6
tabm,chemotherapy,8,logistic_rule_regression,0.5071,0.0069,0.4405,,30.0
tabm,chemotherapy,8,decision_tree,0.5042,0.0023,0.4426,,64.2
tabm,chemotherapy,32,ttnet,0.6092,0.0028,0.606,,264.8
tabm,chemotherapy,32,xgboost,0.6408,0.0045,0.5792,,2277.2
tabm,chemotherapy,32,logistic_rule_regression,0.6282,0.0058,0.5837,,102.0
tabm,chemotherapy,32,decision_tree,0.5673,0.0043,0.5125,,371.0
tabm,chemotherapy,256,ttnet,0.6825,0.0056,0.606,,261.8
tabm,chemotherapy,256,xgboost,0.7349,0.0137,0.6245,,7554.0
tabm,chemotherapy,256,logistic_rule_regression,0.6923,0.0042,0.6083,,155.8
tabm,chemotherapy,256,decision_tree,0.6301,0.0085,0.5526,,333.8
tabm,chemotherapy,128,ttnet,0.6583,0.0081,0.606,,296.4
tabm,chemotherapy,128,xgboost,0.6803,0.0093,0.5919,,3801.4
tabm,chemotherapy,128,logistic_rule_regression,0.6771,0.0063,0.6012,,128.0
tabm,chemotherapy,128,decision_tree,0.6316,0.0097,0.4924,,173.0
tabpfn,breastcancer,64,ttnet,0.6415,0.0109,0.0735,,149.4
tabpfn,breastcancer,64,xgboost,0.6565,0.026,0.1171,,1720.2
tabpfn,breastcancer,64,logistic_rule_regression,0.6375,0.0251,0.1179,,31.0
tabpfn,breastcancer,64,decision_tree,0.6223,0.0217,0.1179,,184.6
tabpfn,breastcancer,16,ttnet,0.5361,0.0209,0.0735,,147.8
tabpfn,breastcancer,16,xgboost,0.5428,0.0231,0.0755,,4061.0
tabpfn,breastcancer,16,logistic_rule_regression,0.5316,0.0241,0.0728,,68.0
tabpfn,breastcancer,16,decision_tree,0.5154,0.0203,0.0736,,352.6
tabpfn,breastcancer,all,ttnet,0.6633,0.0176,0.0735,,149.4
tabpfn,breastcancer,all,xgboost,0.6671,0.0227,0.1139,,2122.8
tabpfn,breastcancer,all,logistic_rule_regression,0.6508,0.0232,0.1151,,32.8
tabpfn,breastcancer,all,decision_tree,0.6195,0.0178,0.1155,,105.0
tabpfn,breastcancer,4,ttnet,0.5475,0.0198,0.0735,,152.2
tabpfn,breastcancer,4,xgboost,0.5477,0.0196,0.0786,,2078.6
tabpfn,breastcancer,4,logistic_rule_regression,0.543,0.0207,0.0776,,43.0
tabpfn,breastcancer,4,decision_tree,0.5401,0.0107,0.0767,,233.8
tabpfn,breastcancer,8,ttnet,0.5606,0.0091,0.0735,,130.2
tabpfn,breastcancer,8,xgboost,0.5668,0.02,0.0832,,364.6
tabpfn,breastcancer,8,logistic_rule_regression,0.5607,0.0185,0.0837,,17.0
tabpfn,breastcancer,8,decision_tree,0.5425,0.0163,0.0836,,89.0
tabpfn,breastcancer,32,ttnet,0.578,0.0202,0.0735,,140.2
tabpfn,breastcancer,32,xgboost,0.5752,0.0221,0.0843,,2686.0
tabpfn,breastcancer,32,logistic_rule_regression,0.5831,0.0181,0.0893,,27.0
tabpfn,breastcancer,32,decision_tree,0.551,0.0178,0.0849,,199.0
tabpfn,breastcancer,256,ttnet,0.6658,0.0162,0.0735,,153.2
tabpfn,breastcancer,256,xgboost,0.6632,0.0246,0.1143,,2783.6
tabpfn,breastcancer,256,logistic_rule_regression,0.6497,0.0236,0.1142,,37.0
tabpfn,breastcancer,256,decision_tree,0.6214,0.0171,0.1142,,99.4
tabpfn,breastcancer,128,ttnet,0.6539,0.022,0.0735,,160.4
tabpfn,breastcancer,128,xgboost,0.6637,0.0224,0.1132,,1481.2
tabpfn,breastcancer,128,logistic_rule_regression,0.6629,0.0212,0.1145,,36.0
tabpfn,breastcancer,128,decision_tree,0.6175,0.0127,0.1105,,206.6
tabpfn,respiratory,64,ttnet,0.9366,0.0078,0.1852,,183.6
tabpfn,respiratory,64,xgboost,0.9992,0.0003,0.9556,,368.8
tabpfn,respiratory,64,logistic_rule_regression,0.9964,0.0004,0.92,,8.8
tabpfn,respiratory,64,decision_tree,0.9948,0.0003,0.9556,,79.4
tabpfn,respiratory,16,ttnet,0.9264,0.0094,0.1852,,366.0
tabpfn,respiratory,16,xgboost,0.9972,0.0014,0.9166,,3147.8
tabpfn,respiratory,16,logistic_rule_regression,0.9956,0.0004,0.8728,,28.2
tabpfn,respiratory,16,decision_tree,0.8924,0.1962,0.7252,,21.4
tabpfn,respiratory,all,ttnet,0.9203,0.0106,0.1852,,263.2
tabpfn,respiratory,all,xgboost,0.9998,0.0002,0.9885,,476.6
tabpfn,respiratory,all,logistic_rule_regression,0.99,0.0004,0.7766,,8.6
tabpfn,respiratory,all,decision_tree,0.9956,0.0042,0.9804,,33.4
tabpfn,respiratory,4,ttnet,0.9636,0.0316,0.1852,,701.0
tabpfn,respiratory,4,xgboost,0.9917,0.0014,0.853,,2996.8
tabpfn,respiratory,4,logistic_rule_regression,0.9946,0.0008,0.8787,,48.0
tabpfn,respiratory,4,decision_tree,0.9881,0.0066,0.8736,,119.8
tabpfn,respiratory,8,ttnet,0.9718,0.0066,0.1852,,577.4
tabpfn,respiratory,8,xgboost,0.9928,0.0065,0.6311,,4365.4
tabpfn,respiratory,8,logistic_rule_regression,0.9952,0.0005,0.8236,,26.0
tabpfn,respiratory,8,decision_tree,0.9311,0.0098,0.6293,,201.8
tabpfn,respiratory,32,ttnet,0.9125,0.0163,0.1852,,269.4
tabpfn,respiratory,32,xgboost,0.9976,0.0004,0.9742,,288.8
tabpfn,respiratory,32,logistic_rule_regression,0.9895,0.0005,0.7766,,11.2
tabpfn,respiratory,32,decision_tree,0.9971,0.0001,0.9724,,17.0
tabpfn,respiratory,256,ttnet,0.9211,0.012,0.1852,,291.8
tabpfn,respiratory,256,xgboost,0.9996,0.0003,0.9873,,967.4
tabpfn,respiratory,256,logistic_rule_regression,0.99,0.0004,0.7766,,8.6
tabpfn,respiratory,256,decision_tree,0.9984,0.0002,0.9854,,32.6
tabpfn,respiratory,128,ttnet,0.9173,0.0262,0.1852,,191.2
tabpfn,respiratory,128,xgboost,0.9968,0.0013,0.9366,,854.2
tabpfn,respiratory,128,logistic_rule_regression,0.9958,0.0004,0.8965,,15.4
tabpfn,respiratory,128,decision_tree,0.9935,0.0003,0.9338,,52.2
tabpfn,diabetes,64,ttnet,0.7846,0.0109,0.4294,,70.6
tabpfn,diabetes,64,xgboost,0.8391,0.005,0.6222,,4363.0
tabpfn,diabetes,64,logistic_rule_regression,0.823,0.0065,0.611,,117.0
tabpfn,diabetes,64,decision_tree,0.7494,0.0122,0.5923,,491.8
tabpfn,diabetes,16,ttnet,0.524,0.0491,0.4294,,68.2
tabpfn,diabetes,16,xgboost,0.6593,0.0101,0.4259,,6473.2
tabpfn,diabetes,16,logistic_rule_regression,0.6243,0.0112,0.3595,,45.0
tabpfn,diabetes,16,decision_tree,0.6138,0.0294,0.4115,,159.0
tabpfn,diabetes,all,ttnet,0.7981,0.0088,0.4294,,51.8
tabpfn,diabetes,all,xgboost,0.8553,0.0057,0.6567,,3669.6
tabpfn,diabetes,all,logistic_rule_regression,0.8411,0.0034,0.6408,,91.0
tabpfn,diabetes,all,decision_tree,0.7891,0.0126,0.6214,,329.4
tabpfn,diabetes,4,ttnet,0.7849,0.0079,0.4294,,61.8
tabpfn,diabetes,4,xgboost,0.79,0.0148,0.5183,,3911.0
tabpfn,diabetes,4,logistic_rule_regression,0.8,0.0115,0.521,,46.0
tabpfn,diabetes,4,decision_tree,0.6816,0.014,0.5246,,225.8
tabpfn,diabetes,8,ttnet,0.7105,0.0225,0.4294,,55.8
tabpfn,diabetes,8,xgboost,0.7378,0.0135,0.5374,,2427.4
tabpfn,diabetes,8,logistic_rule_regression,0.7332,0.0124,0.5412,,80.0
tabpfn,diabetes,8,decision_tree,0.6681,0.0072,0.5138,,349.0
tabpfn,diabetes,32,ttnet,0.781,0.0161,0.4294,,61.0
tabpfn,diabetes,32,xgboost,0.8023,0.0073,0.6093,,1982.2
tabpfn,diabetes,32,logistic_rule_regression,0.7859,0.0079,0.5925,,61.0
tabpfn,diabetes,32,decision_tree,0.7374,0.0145,0.5977,,189.8
tabpfn,diabetes,256,ttnet,0.7987,0.0099,0.4294,,49.8
tabpfn,diabetes,256,xgboost,0.8557,0.0049,0.6567,,2683.0
tabpfn,diabetes,256,logistic_rule_regression,0.8398,0.0034,0.654,,100.0
tabpfn,diabetes,256,decision_tree,0.7609,0.0024,0.6087,,443.8
tabpfn,diabetes,128,ttnet,0.7834,0.0074,0.4294,,69.6
tabpfn,diabetes,128,xgboost,0.8566,0.0038,0.6493,,4379.8
tabpfn,diabetes,128,logistic_rule_regression,0.8391,0.0051,0.6332,,98.0
tabpfn,diabetes,128,decision_tree,0.7757,0.0118,0.6195,,384.2
tabpfn,breastcancer2,64,ttnet,0.7131,0.0208,0.242,,162.8
tabpfn,breastcancer2,64,xgboost,0.7386,0.0115,0.3974,,2080.4
tabpfn,breastcancer2,64,logistic_rule_regression,0.7229,0.0122,0.3927,,82.0
tabpfn,breastcancer2,64,decision_tree,0.6986,0.0155,0.3914,,228.6
tabpfn,breastcancer2,16,ttnet,0.6053,0.0171,0.242,,167.8
tabpfn,breastcancer2,16,xgboost,0.6163,0.0111,0.2246,,1721.2
tabpfn,breastcancer2,16,logistic_rule_regression,0.6207,0.0135,0.2362,,76.0
tabpfn,breastcancer2,16,decision_tree,0.5625,0.0126,0.2096,,302.6
tabpfn,breastcancer2,all,ttnet,0.7539,0.0166,0.242,,156.8
tabpfn,breastcancer2,all,xgboost,0.7771,0.0162,0.3911,,1545.2
tabpfn,breastcancer2,all,logistic_rule_regression,0.7705,0.0157,0.4056,,156.0
tabpfn,breastcancer2,all,decision_tree,0.719,0.0144,0.3946,,316.6
tabpfn,breastcancer2,4,ttnet,0.516,0.0323,0.242,,145.8
tabpfn,breastcancer2,4,xgboost,0.4922,0.0088,0.2116,,715.2
tabpfn,breastcancer2,4,logistic_rule_regression,0.4815,0.0099,0.1995,,49.0
tabpfn,breastcancer2,4,decision_tree,0.4872,0.0061,0.2066,,176.6
tabpfn,breastcancer2,8,ttnet,0.5398,0.0206,0.242,,164.0
tabpfn,breastcancer2,8,xgboost,0.4987,0.0148,0.1921,,2966.8
tabpfn,breastcancer2,8,logistic_rule_regression,0.4959,0.0162,0.1842,,98.0
tabpfn,breastcancer2,8,decision_tree,0.4884,0.0166,0.1733,,254.2
tabpfn,breastcancer2,32,ttnet,0.6732,0.0104,0.242,,155.4
tabpfn,breastcancer2,32,xgboost,0.7109,0.008,0.3617,,2327.4
tabpfn,breastcancer2,32,logistic_rule_regression,0.7073,0.0062,0.3439,,92.2
tabpfn,breastcancer2,32,decision_tree,0.6445,0.0109,0.3384,,328.6
tabpfn,breastcancer2,256,ttnet,0.7542,0.016,0.242,,172.6
tabpfn,breastcancer2,256,xgboost,0.7772,0.0164,0.391,,2571.0
tabpfn,breastcancer2,256,logistic_rule_regression,0.7725,0.0151,0.4051,,170.4
tabpfn,breastcancer2,256,decision_tree,0.7266,0.017,0.3938,,241.8
tabpfn,breastcancer2,128,ttnet,0.7334,0.0154,0.242,,144.0
tabpfn,breastcancer2,128,xgboost,0.7564,0.0145,0.3901,,1749.2
tabpfn,breastcancer2,128,logistic_rule_regression,0.7552,0.0115,0.3953,,186.4
tabpfn,breastcancer2,128,decision_tree,0.7089,0.0097,0.3838,,239.8
tabpfn,heart,64,ttnet,0.8958,0.0031,0.7294,,154.6
tabpfn,heart,64,xgboost,0.8969,0.0091,0.8567,,5300.2
tabpfn,heart,64,logistic_rule_regression,0.8996,0.0051,0.8498,,41.0
tabpfn,heart,64,decision_tree,0.8329,0.0057,0.848,,219.0
tabpfn,heart,16,ttnet,0.8819,0.0048,0.7294,,152.6
tabpfn,heart,16,xgboost,0.8898,0.0032,0.8446,,1394.4
tabpfn,heart,16,logistic_rule_regression,0.8909,0.0035,0.8441,,41.0
tabpfn,heart,16,decision_tree,0.8179,0.0075,0.8425,,102.2
tabpfn,heart,all,ttnet,0.9152,0.0014,0.7294,,157.0
tabpfn,heart,all,xgboost,0.9296,0.0099,0.8962,,2645.4
tabpfn,heart,all,logistic_rule_regression,0.9264,0.0045,0.8885,,57.0
tabpfn,heart,all,decision_tree,0.8587,0.0057,0.8746,,396.2
tabpfn,heart,4,ttnet,0.8209,0.0114,0.7294,,104.2
tabpfn,heart,4,xgboost,0.8391,0.0059,0.8403,,3751.2
tabpfn,heart,4,logistic_rule_regression,0.827,0.0085,0.839,,13.0
tabpfn,heart,4,decision_tree,0.8147,0.0095,0.8393,,34.2
tabpfn,heart,8,ttnet,0.8657,0.011,0.7294,,118.0
tabpfn,heart,8,xgboost,0.8561,0.0068,0.8393,,520.8
tabpfn,heart,8,logistic_rule_regression,0.8209,0.0075,0.839,,8.2
tabpfn,heart,8,decision_tree,0.8113,0.0105,0.8384,,21.0
tabpfn,heart,32,ttnet,0.8826,0.0067,0.7294,,158.2
tabpfn,heart,32,xgboost,0.8903,0.0064,0.8545,,2914.2
tabpfn,heart,32,logistic_rule_regression,0.8761,0.0054,0.8495,,43.0
tabpfn,heart,32,decision_tree,0.8306,0.0052,0.8526,,213.4
tabpfn,heart,256,ttnet,0.9147,0.0012,0.7294,,159.2
tabpfn,heart,256,xgboost,0.9295,0.0094,0.8933,,2623.8
tabpfn,heart,256,logistic_rule_regression,0.9244,0.004,0.8887,,52.0
tabpfn,heart,256,decision_tree,0.8596,0.0101,0.8765,,408.6
tabpfn,heart,128,ttnet,0.8963,0.0038,0.7294,,154.0
tabpfn,heart,128,xgboost,0.9139,0.0071,0.8685,,1940.0
tabpfn,heart,128,logistic_rule_regression,0.8976,0.0031,0.8647,,27.6
tabpfn,heart,128,decision_tree,0.835,0.0088,0.8602,,224.2
tabpfn,coloncancer,64,ttnet,0.6091,0.0111,0.1557,,167.6
tabpfn,coloncancer,64,xgboost,0.6183,0.0062,0.1875,,2047.0
tabpfn,coloncancer,64,logistic_rule_regression,0.6155,0.0088,0.186,,113.8
tabpfn,coloncancer,64,decision_tree,0.5724,0.0105,0.179,,476.2
tabpfn,coloncancer,16,ttnet,0.5581,0.0166,0.1557,,141.6
tabpfn,coloncancer,16,xgboost,0.5591,0.0124,0.1638,,2113.2
tabpfn,coloncancer,16,logistic_rule_regression,0.5537,0.0122,0.1526,,36.0
tabpfn,coloncancer,16,decision_tree,0.5534,0.0133,0.1662,,84.6
tabpfn,coloncancer,all,ttnet,0.6495,0.0081,0.1557,,186.0
tabpfn,coloncancer,all,xgboost,0.6671,0.0069,0.2266,,1036.6
tabpfn,coloncancer,all,logistic_rule_regression,0.6636,0.0054,0.225,,128.0
tabpfn,coloncancer,all,decision_tree,0.6222,0.0093,0.2276,,401.4
tabpfn,coloncancer,4,ttnet,0.5413,0.0276,0.1557,,123.6
tabpfn,coloncancer,4,xgboost,0.5376,0.0087,0.1554,,96.2
tabpfn,coloncancer,4,logistic_rule_regression,0.5196,0.0125,0.1558,,37.0
tabpfn,coloncancer,4,decision_tree,0.532,0.0082,0.1549,,23.0
tabpfn,coloncancer,8,ttnet,0.5074,0.0152,0.1557,,75.0
tabpfn,coloncancer,8,xgboost,0.5192,0.0059,0.1549,,732.6
tabpfn,coloncancer,8,logistic_rule_regression,0.5206,0.0066,0.1549,,5.0
tabpfn,coloncancer,8,decision_tree,0.5184,0.008,0.1549,,7.4
tabpfn,coloncancer,32,ttnet,0.5604,0.0125,0.1557,,160.6
tabpfn,coloncancer,32,xgboost,0.5501,0.004,0.1661,,847.0
tabpfn,coloncancer,32,logistic_rule_regression,0.5442,0.0044,0.162,,38.0
tabpfn,coloncancer,32,decision_tree,0.5449,0.01,0.1646,,239.8
tabpfn,coloncancer,256,ttnet,0.6484,0.005,0.1557,,179.8
tabpfn,coloncancer,256,xgboost,0.6671,0.008,0.2284,,1539.4
tabpfn,coloncancer,256,logistic_rule_regression,0.6645,0.0053,0.2287,,125.0
tabpfn,coloncancer,256,decision_tree,0.6221,0.0109,0.224,,465.4
tabpfn,coloncancer,128,ttnet,0.6538,0.005,0.1557,,155.6
tabpfn,coloncancer,128,xgboost,0.6639,0.0086,0.221,,2406.0
tabpfn,coloncancer,128,logistic_rule_regression,0.6539,0.0066,0.2241,,84.0
tabpfn,coloncancer,128,decision_tree,0.6112,0.0104,0.2179,,221.0
tabpfn,chemotherapy,64,ttnet,0.6054,0.0064,0.606,,296.6
tabpfn,chemotherapy,64,xgboost,0.6623,0.005,0.5673,,1543.6
tabpfn,chemotherapy,64,logistic_rule_regression,0.656,0.0051,0.5708,,96.8
tabpfn,chemotherapy,64,decision_tree,0.6169,0.0098,0.4942,,129.8
tabpfn,chemotherapy,16,ttnet,0.5501,0.0303,0.606,,273.4
tabpfn,chemotherapy,16,xgboost,0.5827,0.0037,0.4151,,3939.4
tabpfn,chemotherapy,16,logistic_rule_regression,0.5844,0.0042,0.4015,,52.0
tabpfn,chemotherapy,16,decision_tree,0.5538,0.0076,0.4065,,157.0
tabpfn,chemotherapy,all,ttnet,0.6769,0.0368,0.606,,251.4
tabpfn,chemotherapy,all,xgboost,0.7346,0.0037,0.6048,,1771.0
tabpfn,chemotherapy,all,logistic_rule_regression,0.7048,0.0045,0.5852,,58.0
tabpfn,chemotherapy,all,decision_tree,0.694,0.0047,0.5644,,164.2
tabpfn,chemotherapy,4,ttnet,0.5276,0.0134,0.606,,224.6
tabpfn,chemotherapy,4,xgboost,0.5073,0.0091,0.5652,,2268.0
tabpfn,chemotherapy,4,logistic_rule_regression,0.486,0.0064,0.5502,,35.0
tabpfn,chemotherapy,4,decision_tree,0.4676,0.0067,0.5496,,42.2
tabpfn,chemotherapy,8,ttnet,0.5072,0.0119,0.606,,179.0
tabpfn,chemotherapy,8,xgboost,0.501,0.0068,0.4478,,605.2
tabpfn,chemotherapy,8,logistic_rule_regression,0.5049,0.0058,0.4397,,18.0
tabpfn,chemotherapy,8,decision_tree,0.5104,0.0071,0.4478,,69.0
tabpfn,chemotherapy,32,ttnet,0.6246,0.0052,0.606,,274.2
tabpfn,chemotherapy,32,xgboost,0.6345,0.0072,0.5649,,669.0
tabpfn,chemotherapy,32,logistic_rule_regression,0.6043,0.0056,0.5627,,98.4
tabpfn,chemotherapy,32,decision_tree,0.5893,0.0063,0.5423,,291.8
tabpfn,chemotherapy,256,ttnet,0.6934,0.0229,0.606,,268.0
tabpfn,chemotherapy,256,xgboost,0.7351,0.0056,0.5974,,4592.0
tabpfn,chemotherapy,256,logistic_rule_regression,0.6964,0.004,0.5697,,38.0
tabpfn,chemotherapy,256,decision_tree,0.6936,0.0088,0.5627,,177.0
tabpfn,chemotherapy,128,ttnet,0.6503,0.0102,0.606,,207.8
tabpfn,chemotherapy,128,xgboost,0.7243,0.0051,0.6104,,3234.2
tabpfn,chemotherapy,128,logistic_rule_regression,0.7136,0.0047,0.6128,,102.0
tabpfn,chemotherapy,128,decision_tree,0.6867,0.0128,0.5757,,210.6
